key,value
ISO3,AUS
HDR Country Name,Australia
Human Development Groups,Very High
UNDP Developeing Regions,
HDI Rank (2023),7
Human Development Index (value) (1990),0.867
Human Development Index (value) (1991),0.868
Human Development Index (value) (1992),0.868
Human Development Index (value) (1993),0.872
Human Development Index (value) (1994),0.873
Human Development Index (value) (1995),0.882
Human Development Index (value) (1996),0.884
Human Development Index (value) (1997),0.887
Human Development Index (value) (1998),0.891
Human Development Index (value) (1999),0.893
Human Development Index (value) (2000),0.897
Human Development Index (value) (2001),0.9
Human Development Index (value) (2002),0.902
Human Development Index (value) (2003),0.906
Human Development Index (value) (2004),0.91
Human Development Index (value) (2005),0.914
Human Development Index (value) (2006),0.917
Human Development Index (value) (2007),0.919
Human Development Index (value) (2008),0.924
Human Development Index (value) (2009),0.927
Human Development Index (value) (2010),0.929
Human Development Index (value) (2011),0.933
Human Development Index (value) (2012),0.938
Human Development Index (value) (2013),0.935
Human Development Index (value) (2014),0.937
Human Development Index (value) (2015),0.938
Human Development Index (value) (2016),0.939
Human Development Index (value) (2017),0.94
Human Development Index (value) (2018),0.945
Human Development Index (value) (2019),0.947
Human Development Index (value) (2020),0.95
Human Development Index (value) (2021),0.954
Human Development Index (value) (2022),0.952
Human Development Index (value) (2023),0.958
Life Expectancy at Birth (years) (1990),77.041
Life Expectancy at Birth (years) (1991),77.481
Life Expectancy at Birth (years) (1992),77.473
Life Expectancy at Birth (years) (1993),78.006
Life Expectancy at Birth (years) (1994),77.852
Life Expectancy at Birth (years) (1995),78.257
Life Expectancy at Birth (years) (1996),78.344
Life Expectancy at Birth (years) (1997),78.626
Life Expectancy at Birth (years) (1998),79.02
Life Expectancy at Birth (years) (1999),79.277
Life Expectancy at Birth (years) (2000),79.621
Life Expectancy at Birth (years) (2001),80.006
Life Expectancy at Birth (years) (2002),80.052
Life Expectancy at Birth (years) (2003),80.44
Life Expectancy at Birth (years) (2004),80.733
Life Expectancy at Birth (years) (2005),81.092
Life Expectancy at Birth (years) (2006),81.258
Life Expectancy at Birth (years) (2007),81.232
Life Expectancy at Birth (years) (2008),81.427
Life Expectancy at Birth (years) (2009),81.728
Life Expectancy at Birth (years) (2010),82.013
Life Expectancy at Birth (years) (2011),82.091
Life Expectancy at Birth (years) (2012),82.297
Life Expectancy at Birth (years) (2013),82.551
Life Expectancy at Birth (years) (2014),82.518
Life Expectancy at Birth (years) (2015),82.605
Life Expectancy at Birth (years) (2016),82.801
Life Expectancy at Birth (years) (2017),82.718
Life Expectancy at Birth (years) (2018),83.258
Life Expectancy at Birth (years) (2019),83.241
Life Expectancy at Birth (years) (2020),83.664
Life Expectancy at Birth (years) (2021),83.564
Life Expectancy at Birth (years) (2022),82.766
Life Expectancy at Birth (years) (2023),83.923
Expected Years of Schooling (years) (1990),17.4329358
Expected Years of Schooling (years) (1991),17.43243413
Expected Years of Schooling (years) (1992),17.43193246
Expected Years of Schooling (years) (1993),17.43143082
Expected Years of Schooling (years) (1994),17.43092918
Expected Years of Schooling (years) (1995),18.97002983
Expected Years of Schooling (years) (1996),19.51165962
Expected Years of Schooling (years) (1997),20.28628922
Expected Years of Schooling (years) (1998),20.45081096
Expected Years of Schooling (years) (1999),20.61533271
Expected Years of Schooling (years) (2000),20.77985446
Expected Years of Schooling (years) (2001),20.9443762
Expected Years of Schooling (years) (2002),21.10889795
Expected Years of Schooling (years) (2003),21.2734197
Expected Years of Schooling (years) (2004),21.43794145
Expected Years of Schooling (years) (2005),21.60246319
Expected Years of Schooling (years) (2006),21.76698494
Expected Years of Schooling (years) (2007),21.93150669
Expected Years of Schooling (years) (2008),22.09602843
Expected Years of Schooling (years) (2009),22.26055018
Expected Years of Schooling (years) (2010),22.42507193
Expected Years of Schooling (years) (2011),22.58959368
Expected Years of Schooling (years) (2012),22.75411542
Expected Years of Schooling (years) (2013),22.91863717
Expected Years of Schooling (years) (2014),23.08315892
Expected Years of Schooling (years) (2015),23.24768066
Expected Years of Schooling (years) (2016),22.85634995
Expected Years of Schooling (years) (2017),21.95104027
Expected Years of Schooling (years) (2018),20.42849922
Expected Years of Schooling (years) (2019),21.37561989
Expected Years of Schooling (years) (2020),20.93943977
Expected Years of Schooling (years) (2021),21.0800209
Expected Years of Schooling (years) (2022),20.65477943
Expected Years of Schooling (years) (2023),20.65477943
Mean Years of Schooling (years) (1990),11.22535724
Mean Years of Schooling (years) (1991),11.24740705
Mean Years of Schooling (years) (1992),11.26945686
Mean Years of Schooling (years) (1993),11.29150667
Mean Years of Schooling (years) (1994),11.31355648
Mean Years of Schooling (years) (1995),11.33560629
Mean Years of Schooling (years) (1996),11.32558365
Mean Years of Schooling (years) (1997),11.31556101
Mean Years of Schooling (years) (1998),11.30553836
Mean Years of Schooling (years) (1999),11.29551572
Mean Years of Schooling (years) (2000),11.28549308
Mean Years of Schooling (years) (2001),11.34161987
Mean Years of Schooling (years) (2002),11.39774666
Mean Years of Schooling (years) (2003),11.45387344
Mean Years of Schooling (years) (2004),11.51000023
Mean Years of Schooling (years) (2005),11.55000019
Mean Years of Schooling (years) (2006),11.64000034
Mean Years of Schooling (years) (2007),11.71000004
Mean Years of Schooling (years) (2008),11.93999958
Mean Years of Schooling (years) (2009),11.98999977
Mean Years of Schooling (years) (2010),12.02999973
Mean Years of Schooling (years) (2011),12.11999989
Mean Years of Schooling (years) (2012),12.30000019
Mean Years of Schooling (years) (2013),12.02000046
Mean Years of Schooling (years) (2014),12.17000008
Mean Years of Schooling (years) (2015),12.25
Mean Years of Schooling (years) (2016),12.35000038
Mean Years of Schooling (years) (2017),12.31999969
Mean Years of Schooling (years) (2018),12.46000004
Mean Years of Schooling (years) (2019),12.56000042
Mean Years of Schooling (years) (2020),12.64000034
Mean Years of Schooling (years) (2021),12.77999973
Mean Years of Schooling (years) (2022),12.86999989
Mean Years of Schooling (years) (2023),12.86999989
Gross National Income Per Capita (2021 PPP$) (1990),30554.24816
Gross National Income Per Capita (2021 PPP$) (1991),29765.46428
Gross National Income Per Capita (2021 PPP$) (1992),29602.99681
Gross National Income Per Capita (2021 PPP$) (1993),30461.59836
Gross National Income Per Capita (2021 PPP$) (1994),31222.55997
Gross National Income Per Capita (2021 PPP$) (1995),32067.46099
Gross National Income Per Capita (2021 PPP$) (1996),33071.99266
Gross National Income Per Capita (2021 PPP$) (1997),34262.21066
Gross National Income Per Capita (2021 PPP$) (1998),35542.70719
Gross National Income Per Capita (2021 PPP$) (1999),36591.17071
Gross National Income Per Capita (2021 PPP$) (2000),37976.60707
Gross National Income Per Capita (2021 PPP$) (2001),38416.24244
Gross National Income Per Capita (2021 PPP$) (2002),39652.27924
Gross National Income Per Capita (2021 PPP$) (2003),40488.25478
Gross National Income Per Capita (2021 PPP$) (2004),42308.52194
Gross National Income Per Capita (2021 PPP$) (2005),43428.91665
Gross National Income Per Capita (2021 PPP$) (2006),44800.9877
Gross National Income Per Capita (2021 PPP$) (2007),46023.91301
Gross National Income Per Capita (2021 PPP$) (2008),47441.48535
Gross National Income Per Capita (2021 PPP$) (2009),48331.83679
Gross National Income Per Capita (2021 PPP$) (2010),48044.94603
Gross National Income Per Capita (2021 PPP$) (2011),50384.49487
Gross National Income Per Capita (2021 PPP$) (2012),52028.95123
Gross National Income Per Capita (2021 PPP$) (2013),51662.83279
Gross National Income Per Capita (2021 PPP$) (2014),51752.21356
Gross National Income Per Capita (2021 PPP$) (2015),51244.17781
Gross National Income Per Capita (2021 PPP$) (2016),50602.687
Gross National Income Per Capita (2021 PPP$) (2017),52180.36416
Gross National Income Per Capita (2021 PPP$) (2018),52892.5044
Gross National Income Per Capita (2021 PPP$) (2019),53812.51606
Gross National Income Per Capita (2021 PPP$) (2020),53837.41334
Gross National Income Per Capita (2021 PPP$) (2021),56782.45814
Gross National Income Per Capita (2021 PPP$) (2022),58256.355
Gross National Income Per Capita (2021 PPP$) (2023),58276.87643
GDI Group (2023),1
Gender Development Index (value) (1990),0.963
Gender Development Index (value) (1991),0.962
Gender Development Index (value) (1992),0.963
Gender Development Index (value) (1993),0.963
Gender Development Index (value) (1994),0.964
Gender Development Index (value) (1995),0.964
Gender Development Index (value) (1996),0.965
Gender Development Index (value) (1997),0.965
Gender Development Index (value) (1998),0.966
Gender Development Index (value) (1999),0.966
Gender Development Index (value) (2000),0.967
Gender Development Index (value) (2001),0.958
Gender Development Index (value) (2002),0.958
Gender Development Index (value) (2003),0.959
Gender Development Index (value) (2004),0.958
Gender Development Index (value) (2005),0.959
Gender Development Index (value) (2006),0.961
Gender Development Index (value) (2007),0.962
Gender Development Index (value) (2008),0.962
Gender Development Index (value) (2009),0.964
Gender Development Index (value) (2010),0.964
Gender Development Index (value) (2011),0.966
Gender Development Index (value) (2012),0.962
Gender Development Index (value) (2013),0.962
Gender Development Index (value) (2014),0.961
Gender Development Index (value) (2015),0.964
Gender Development Index (value) (2016),0.966
Gender Development Index (value) (2017),0.967
Gender Development Index (value) (2018),0.971
Gender Development Index (value) (2019),0.971
Gender Development Index (value) (2020),0.972
Gender Development Index (value) (2021),0.972
Gender Development Index (value) (2022),0.98
Gender Development Index (value) (2023),0.977
HDI female (1990),0.847824612
HDI female (1991),0.848672195
HDI female (1992),0.848847156
HDI female (1993),0.853198984
HDI female (1994),0.854514473
HDI female (1995),0.863638942
HDI female (1996),0.866156854
HDI female (1997),0.868846679
HDI female (1998),0.873318878
HDI female (1999),0.876016007
HDI female (2000),0.879718652
HDI female (2001),0.877166344
HDI female (2002),0.880265172
HDI female (2003),0.884005078
HDI female (2004),0.88748644
HDI female (2005),0.891642067
HDI female (2006),0.896527076
HDI female (2007),0.898570832
HDI female (2008),0.903543575
HDI female (2009),0.907635941
HDI female (2010),0.909280921
HDI female (2011),0.914126094
HDI female (2012),0.916558029
HDI female (2013),0.91453818
HDI female (2014),0.915717795
HDI female (2015),0.918389965
HDI female (2016),0.920946707
HDI female (2017),0.922332469
HDI female (2018),0.929274115
HDI female (2019),0.931543966
HDI female (2020),0.934919601
HDI female (2021),0.939137318
HDI female (2022),0.941820041
HDI female (2023),0.946137676
"Life Expectancy at Birth, female (years) (1990)",80.147
"Life Expectancy at Birth, female (years) (1991)",80.491
"Life Expectancy at Birth, female (years) (1992)",80.486
"Life Expectancy at Birth, female (years) (1993)",80.99
"Life Expectancy at Birth, female (years) (1994)",80.821
"Life Expectancy at Birth, female (years) (1995)",81.129
"Life Expectancy at Birth, female (years) (1996)",81.253
"Life Expectancy at Birth, female (years) (1997)",81.383
"Life Expectancy at Birth, female (years) (1998)",81.857
"Life Expectancy at Birth, female (years) (1999)",82.043
"Life Expectancy at Birth, female (years) (2000)",82.272
"Life Expectancy at Birth, female (years) (2001)",82.601
"Life Expectancy at Birth, female (years) (2002)",82.531
"Life Expectancy at Birth, female (years) (2003)",82.907
"Life Expectancy at Birth, female (years) (2004)",83.166
"Life Expectancy at Birth, female (years) (2005)",83.474
"Life Expectancy at Birth, female (years) (2006)",83.574
"Life Expectancy at Birth, female (years) (2007)",83.531
"Life Expectancy at Birth, female (years) (2008)",83.695
"Life Expectancy at Birth, female (years) (2009)",83.994
"Life Expectancy at Birth, female (years) (2010)",84.195
"Life Expectancy at Birth, female (years) (2011)",84.252
"Life Expectancy at Birth, female (years) (2012)",84.299
"Life Expectancy at Birth, female (years) (2013)",84.621
"Life Expectancy at Birth, female (years) (2014)",84.495
"Life Expectancy at Birth, female (years) (2015)",84.626
"Life Expectancy at Birth, female (years) (2016)",84.847
"Life Expectancy at Birth, female (years) (2017)",84.747
"Life Expectancy at Birth, female (years) (2018)",85.292
"Life Expectancy at Birth, female (years) (2019)",85.275
"Life Expectancy at Birth, female (years) (2020)",85.69
"Life Expectancy at Birth, female (years) (2021)",85.474
"Life Expectancy at Birth, female (years) (2022)",84.864
"Life Expectancy at Birth, female (years) (2023)",85.737
"Expected Years of Schooling, female (years) (1990)",17.38522549
"Expected Years of Schooling, female (years) (1991)",17.39148817
"Expected Years of Schooling, female (years) (1992)",17.39775311
"Expected Years of Schooling, female (years) (1993)",17.40402031
"Expected Years of Schooling, female (years) (1994)",17.41028976
"Expected Years of Schooling, female (years) (1995)",18.9718399
"Expected Years of Schooling, female (years) (1996)",19.55849075
"Expected Years of Schooling, female (years) (1997)",20.56314087
"Expected Years of Schooling, female (years) (1998)",20.73103862
"Expected Years of Schooling, female (years) (1999)",20.89893638
"Expected Years of Schooling, female (years) (2000)",21.06683413
"Expected Years of Schooling, female (years) (2001)",21.23473189
"Expected Years of Schooling, female (years) (2002)",21.40262964
"Expected Years of Schooling, female (years) (2003)",21.57052739
"Expected Years of Schooling, female (years) (2004)",21.73842515
"Expected Years of Schooling, female (years) (2005)",21.9063229
"Expected Years of Schooling, female (years) (2006)",22.07422066
"Expected Years of Schooling, female (years) (2007)",22.24211841
"Expected Years of Schooling, female (years) (2008)",22.41001617
"Expected Years of Schooling, female (years) (2009)",22.57791392
"Expected Years of Schooling, female (years) (2010)",22.74581167
"Expected Years of Schooling, female (years) (2011)",22.91370943
"Expected Years of Schooling, female (years) (2012)",23.08160718
"Expected Years of Schooling, female (years) (2013)",23.24950494
"Expected Years of Schooling, female (years) (2014)",23.41740269
"Expected Years of Schooling, female (years) (2015)",23.58530045
"Expected Years of Schooling, female (years) (2016)",23.20059013
"Expected Years of Schooling, female (years) (2017)",22.39792061
"Expected Years of Schooling, female (years) (2018)",21.00312996
"Expected Years of Schooling, female (years) (2019)",22.01021004
"Expected Years of Schooling, female (years) (2020)",21.73601913
"Expected Years of Schooling, female (years) (2021)",21.98143005
"Expected Years of Schooling, female (years) (2022)",21.4818306
"Expected Years of Schooling, female (years) (2023)",21.4818306
"Mean Years of Schooling, female (years) (1990)",10.9858441
"Mean Years of Schooling, female (years) (1991)",11.00574599
"Mean Years of Schooling, female (years) (1992)",11.02564788
"Mean Years of Schooling, female (years) (1993)",11.04554977
"Mean Years of Schooling, female (years) (1994)",11.06545166
"Mean Years of Schooling, female (years) (1995)",11.08535355
"Mean Years of Schooling, female (years) (1996)",11.08933393
"Mean Years of Schooling, female (years) (1997)",11.09331431
"Mean Years of Schooling, female (years) (1998)",11.09729469
"Mean Years of Schooling, female (years) (1999)",11.10127507
"Mean Years of Schooling, female (years) (2000)",11.10525545
"Mean Years of Schooling, female (years) (2001)",11.1689415
"Mean Years of Schooling, female (years) (2002)",11.23262755
"Mean Years of Schooling, female (years) (2003)",11.2963136
"Mean Years of Schooling, female (years) (2004)",11.35999966
"Mean Years of Schooling, female (years) (2005)",11.40999985
"Mean Years of Schooling, female (years) (2006)",11.56000042
"Mean Years of Schooling, female (years) (2007)",11.63000011
"Mean Years of Schooling, female (years) (2008)",11.90999985
"Mean Years of Schooling, female (years) (2009)",11.97000027
"Mean Years of Schooling, female (years) (2010)",12.03999996
"Mean Years of Schooling, female (years) (2011)",12.14999962
"Mean Years of Schooling, female (years) (2012)",12.31000042
"Mean Years of Schooling, female (years) (2013)",12.03999996
"Mean Years of Schooling, female (years) (2014)",12.13000011
"Mean Years of Schooling, female (years) (2015)",12.23999977
"Mean Years of Schooling, female (years) (2016)",12.35999966
"Mean Years of Schooling, female (years) (2017)",12.35000038
"Mean Years of Schooling, female (years) (2018)",12.52000046
"Mean Years of Schooling, female (years) (2019)",12.60999966
"Mean Years of Schooling, female (years) (2020)",12.72999954
"Mean Years of Schooling, female (years) (2021)",12.85000038
"Mean Years of Schooling, female (years) (2022)",12.94999981
"Mean Years of Schooling, female (years) (2023)",12.94999981
"Gross National Income Per Capita, female (2021 PPP$) (1990)",21216.08358
"Gross National Income Per Capita, female (2021 PPP$) (1991)",20774.07345
"Gross National Income Per Capita, female (2021 PPP$) (1992)",20743.04616
"Gross National Income Per Capita, female (2021 PPP$) (1993)",21385.68419
"Gross National Income Per Capita, female (2021 PPP$) (1994)",22151.06151
"Gross National Income Per Capita, female (2021 PPP$) (1995)",22982.52708
"Gross National Income Per Capita, female (2021 PPP$) (1996)",23807.92867
"Gross National Income Per Capita, female (2021 PPP$) (1997)",24732.70082
"Gross National Income Per Capita, female (2021 PPP$) (1998)",25742.01836
"Gross National Income Per Capita, female (2021 PPP$) (1999)",26611.92449
"Gross National Income Per Capita, female (2021 PPP$) (2000)",27936.64125
"Gross National Income Per Capita, female (2021 PPP$) (2001)",25456.6479
"Gross National Income Per Capita, female (2021 PPP$) (2002)",26811.08066
"Gross National Income Per Capita, female (2021 PPP$) (2003)",27426.4304
"Gross National Income Per Capita, female (2021 PPP$) (2004)",28224.15123
"Gross National Income Per Capita, female (2021 PPP$) (2005)",29374.6222
"Gross National Income Per Capita, female (2021 PPP$) (2006)",30938.94391
"Gross National Income Per Capita, female (2021 PPP$) (2007)",31823.45733
"Gross National Income Per Capita, female (2021 PPP$) (2008)",32456.71525
"Gross National Income Per Capita, female (2021 PPP$) (2009)",33695.29956
"Gross National Income Per Capita, female (2021 PPP$) (2010)",33612.43393
"Gross National Income Per Capita, female (2021 PPP$) (2011)",35837.91896
"Gross National Income Per Capita, female (2021 PPP$) (2012)",36120.36654
"Gross National Income Per Capita, female (2021 PPP$) (2013)",35723.0762
"Gross National Income Per Capita, female (2021 PPP$) (2014)",36268.53019
"Gross National Income Per Capita, female (2021 PPP$) (2015)",36825.90139
"Gross National Income Per Capita, female (2021 PPP$) (2016)",36911.67102
"Gross National Income Per Capita, female (2021 PPP$) (2017)",38358.07708
"Gross National Income Per Capita, female (2021 PPP$) (2018)",40134.4561
"Gross National Income Per Capita, female (2021 PPP$) (2019)",41190.88539
"Gross National Income Per Capita, female (2021 PPP$) (2020)",41172.40465
"Gross National Income Per Capita, female (2021 PPP$) (2021)",44440.99957
"Gross National Income Per Capita, female (2021 PPP$) (2022)",48642.14684
"Gross National Income Per Capita, female (2021 PPP$) (2023)",48588.08342
HDI male (1990),0.880585647
HDI male (1991),0.882050008
HDI male (1992),0.881913202
HDI male (1993),0.886300733
HDI male (1994),0.88684212
HDI male (1995),0.89576024
HDI male (1996),0.897198852
HDI male (1997),0.900712751
HDI male (1998),0.903756266
HDI male (1999),0.906430815
HDI male (2000),0.909911958
HDI male (2001),0.916028653
HDI male (2002),0.918408642
HDI male (2003),0.921961647
HDI male (2004),0.926661139
HDI male (2005),0.929877562
HDI male (2006),0.932498533
HDI male (2007),0.93451062
HDI male (2008),0.939489145
HDI male (2009),0.941895382
HDI male (2010),0.943570563
HDI male (2011),0.946593746
HDI male (2012),0.952911794
HDI male (2013),0.950398509
HDI male (2014),0.952781775
HDI male (2015),0.952604803
HDI male (2016),0.953402812
HDI male (2017),0.953771342
HDI male (2018),0.95732052
HDI male (2019),0.959362936
HDI male (2020),0.962005782
HDI male (2021),0.965861563
HDI male (2022),0.960999858
HDI male (2023),0.967946822
"Life Expectancy at Birth, male (years) (1990)",73.978
"Life Expectancy at Birth, male (years) (1991)",74.491
"Life Expectancy at Birth, male (years) (1992)",74.493
"Life Expectancy at Birth, male (years) (1993)",75.037
"Life Expectancy at Birth, male (years) (1994)",74.917
"Life Expectancy at Birth, male (years) (1995)",75.39
"Life Expectancy at Birth, male (years) (1996)",75.452
"Life Expectancy at Birth, male (years) (1997)",75.865
"Life Expectancy at Birth, male (years) (1998)",76.179
"Life Expectancy at Birth, male (years) (1999)",76.501
"Life Expectancy at Birth, male (years) (2000)",76.946
"Life Expectancy at Birth, male (years) (2001)",77.384
"Life Expectancy at Birth, male (years) (2002)",77.541
"Life Expectancy at Birth, male (years) (2003)",77.943
"Life Expectancy at Birth, male (years) (2004)",78.265
"Life Expectancy at Birth, male (years) (2005)",78.671
"Life Expectancy at Birth, male (years) (2006)",78.904
"Life Expectancy at Birth, male (years) (2007)",78.914
"Life Expectancy at Birth, male (years) (2008)",79.142
"Life Expectancy at Birth, male (years) (2009)",79.445
"Life Expectancy at Birth, male (years) (2010)",79.806
"Life Expectancy at Birth, male (years) (2011)",79.917
"Life Expectancy at Birth, male (years) (2012)",80.268
"Life Expectancy at Birth, male (years) (2013)",80.464
"Life Expectancy at Birth, male (years) (2014)",80.522
"Life Expectancy at Birth, male (years) (2015)",80.575
"Life Expectancy at Birth, male (years) (2016)",80.752
"Life Expectancy at Birth, male (years) (2017)",80.685
"Life Expectancy at Birth, male (years) (2018)",81.215
"Life Expectancy at Birth, male (years) (2019)",81.205
"Life Expectancy at Birth, male (years) (2020)",81.629
"Life Expectancy at Birth, male (years) (2021)",81.649
"Life Expectancy at Birth, male (years) (2022)",80.731
"Life Expectancy at Birth, male (years) (2023)",82.098
"Expected Years of Schooling, male (years) (1990)",17.47483011
"Expected Years of Schooling, male (years) (1991)",17.46871446
"Expected Years of Schooling, male (years) (1992)",17.46260094
"Expected Years of Schooling, male (years) (1993)",17.45648956
"Expected Years of Schooling, male (years) (1994)",17.45038033
"Expected Years of Schooling, male (years) (1995)",18.96821976
"Expected Years of Schooling, male (years) (1996)",19.46484947
"Expected Years of Schooling, male (years) (1997)",20.02152061
"Expected Years of Schooling, male (years) (1998)",20.18211778
"Expected Years of Schooling, male (years) (1999)",20.34271495
"Expected Years of Schooling, male (years) (2000)",20.50331211
"Expected Years of Schooling, male (years) (2001)",20.66390928
"Expected Years of Schooling, male (years) (2002)",20.82450644
"Expected Years of Schooling, male (years) (2003)",20.98510361
"Expected Years of Schooling, male (years) (2004)",21.14570077
"Expected Years of Schooling, male (years) (2005)",21.30629794
"Expected Years of Schooling, male (years) (2006)",21.4668951
"Expected Years of Schooling, male (years) (2007)",21.62749227
"Expected Years of Schooling, male (years) (2008)",21.78808943
"Expected Years of Schooling, male (years) (2009)",21.9486866
"Expected Years of Schooling, male (years) (2010)",22.10928377
"Expected Years of Schooling, male (years) (2011)",22.26988093
"Expected Years of Schooling, male (years) (2012)",22.4304781
"Expected Years of Schooling, male (years) (2013)",22.59107526
"Expected Years of Schooling, male (years) (2014)",22.75167243
"Expected Years of Schooling, male (years) (2015)",22.91226959
"Expected Years of Schooling, male (years) (2016)",22.51485062
"Expected Years of Schooling, male (years) (2017)",21.5082798
"Expected Years of Schooling, male (years) (2018)",19.86491966
"Expected Years of Schooling, male (years) (2019)",20.74703026
"Expected Years of Schooling, male (years) (2020)",20.1547699
"Expected Years of Schooling, male (years) (2021)",20.19375992
"Expected Years of Schooling, male (years) (2022)",19.84202003
"Expected Years of Schooling, male (years) (2023)",19.84202003
"Mean Years of Schooling, male (years) (1990)",11.4939484
"Mean Years of Schooling, male (years) (1991)",11.51823139
"Mean Years of Schooling, male (years) (1992)",11.54251438
"Mean Years of Schooling, male (years) (1993)",11.56679737
"Mean Years of Schooling, male (years) (1994)",11.59108036
"Mean Years of Schooling, male (years) (1995)",11.61536335
"Mean Years of Schooling, male (years) (1996)",11.58905678
"Mean Years of Schooling, male (years) (1997)",11.56275021
"Mean Years of Schooling, male (years) (1998)",11.53644363
"Mean Years of Schooling, male (years) (1999)",11.51013706
"Mean Years of Schooling, male (years) (2000)",11.48383049
"Mean Years of Schooling, male (years) (2001)",11.53037289
"Mean Years of Schooling, male (years) (2002)",11.57691528
"Mean Years of Schooling, male (years) (2003)",11.62345768
"Mean Years of Schooling, male (years) (2004)",11.67000008
"Mean Years of Schooling, male (years) (2005)",11.68999958
"Mean Years of Schooling, male (years) (2006)",11.72999954
"Mean Years of Schooling, male (years) (2007)",11.78999996
"Mean Years of Schooling, male (years) (2008)",11.97000027
"Mean Years of Schooling, male (years) (2009)",12.01000023
"Mean Years of Schooling, male (years) (2010)",12.02999973
"Mean Years of Schooling, male (years) (2011)",12.07999992
"Mean Years of Schooling, male (years) (2012)",12.27999973
"Mean Years of Schooling, male (years) (2013)",12
"Mean Years of Schooling, male (years) (2014)",12.19999981
"Mean Years of Schooling, male (years) (2015)",12.26000023
"Mean Years of Schooling, male (years) (2016)",12.34000111
"Mean Years of Schooling, male (years) (2017)",12.28999996
"Mean Years of Schooling, male (years) (2018)",12.39000034
"Mean Years of Schooling, male (years) (2019)",12.52000046
"Mean Years of Schooling, male (years) (2020)",12.56000042
"Mean Years of Schooling, male (years) (2021)",12.72000027
"Mean Years of Schooling, male (years) (2022)",12.77999973
"Mean Years of Schooling, male (years) (2023)",12.77999973
"Gross National Income Per Capita, male (2021 PPP$) (1990)",39937.72606
"Gross National Income Per Capita, male (2021 PPP$) (1991)",38809.96233
"Gross National Income Per Capita, male (2021 PPP$) (1992)",38525.22408
"Gross National Income Per Capita, male (2021 PPP$) (1993)",39610.01846
"Gross National Income Per Capita, male (2021 PPP$) (1994)",40373.13423
"Gross National Income Per Capita, male (2021 PPP$) (1995)",41237.99776
"Gross National Income Per Capita, male (2021 PPP$) (1996)",42433.04912
"Gross National Income Per Capita, male (2021 PPP$) (1997)",43903.66266
"Gross National Income Per Capita, male (2021 PPP$) (1998)",45470.14234
"Gross National Income Per Capita, male (2021 PPP$) (1999)",46709.39999
"Gross National Income Per Capita, male (2021 PPP$) (2000)",48164.43556
"Gross National Income Per Capita, male (2021 PPP$) (2001)",51571.08065
"Gross National Income Per Capita, male (2021 PPP$) (2002)",52684.18933
"Gross National Income Per Capita, male (2021 PPP$) (2003)",53739.85436
"Gross National Income Per Capita, male (2021 PPP$) (2004)",56592.39622
"Gross National Income Per Capita, male (2021 PPP$) (2005)",57675.35132
"Gross National Income Per Capita, male (2021 PPP$) (2006)",58841.83824
"Gross National Income Per Capita, male (2021 PPP$) (2007)",60388.94242
"Gross National Income Per Capita, male (2021 PPP$) (2008)",62574.92142
"Gross National Income Per Capita, male (2021 PPP$) (2009)",63096.52161
"Gross National Income Per Capita, male (2021 PPP$) (2010)",62602.40068
"Gross National Income Per Capita, male (2021 PPP$) (2011)",65062.75677
"Gross National Income Per Capita, male (2021 PPP$) (2012)",68087.76953
"Gross National Income Per Capita, male (2021 PPP$) (2013)",67767.21151
"Gross National Income Per Capita, male (2021 PPP$) (2014)",67420.44572
"Gross National Income Per Capita, male (2021 PPP$) (2015)",65860.10454
"Gross National Income Per Capita, male (2021 PPP$) (2016)",64499.9452
"Gross National Income Per Capita, male (2021 PPP$) (2017)",66215.62014
"Gross National Income Per Capita, male (2021 PPP$) (2018)",65843.56467
"Gross National Income Per Capita, male (2021 PPP$) (2019)",66624.6682
"Gross National Income Per Capita, male (2021 PPP$) (2020)",66697.03404
"Gross National Income Per Capita, male (2021 PPP$) (2021)",69313.35311
"Gross National Income Per Capita, male (2021 PPP$) (2022)",68018.49975
"Gross National Income Per Capita, male (2021 PPP$) (2023)",68116.13833
Inequality-adjusted Human Development Index (value) (2010),0.838
Inequality-adjusted Human Development Index (value) (2011),0.841
Inequality-adjusted Human Development Index (value) (2012),0.847
Inequality-adjusted Human Development Index (value) (2013),0.844
Inequality-adjusted Human Development Index (value) (2014),0.85
Inequality-adjusted Human Development Index (value) (2015),0.851
Inequality-adjusted Human Development Index (value) (2016),0.856
Inequality-adjusted Human Development Index (value) (2017),0.857
Inequality-adjusted Human Development Index (value) (2018),0.86
Inequality-adjusted Human Development Index (value) (2019),0.861
Inequality-adjusted Human Development Index (value) (2020),0.864
Inequality-adjusted Human Development Index (value) (2021),0.867
Inequality-adjusted Human Development Index (value) (2022),0.867
Inequality-adjusted Human Development Index (value) (2023),0.873
Coefficient of human inequality (2010),9.59873449
Coefficient of human inequality (2011),9.53946619
Coefficient of human inequality (2012),9.448712457
Coefficient of human inequality (2013),9.50031219
Coefficient of human inequality (2014),9.0590432
Coefficient of human inequality (2015),9.021980867
Coefficient of human inequality (2016),8.57511847
Coefficient of human inequality (2017),8.627568437
Coefficient of human inequality (2018),8.7494322
Coefficient of human inequality (2019),8.777441933
Coefficient of human inequality (2020),8.7392405
Coefficient of human inequality (2021),8.786452733
Coefficient of human inequality (2022),8.668244
Coefficient of human inequality (2023),8.584907567
Overall loss (%) (2010),9.79547901
Overall loss (%) (2011),9.860664523
Overall loss (%) (2012),9.701492537
Overall loss (%) (2013),9.732620321
Overall loss (%) (2014),9.284951974
Overall loss (%) (2015),9.275053305
Overall loss (%) (2016),8.839190628
Overall loss (%) (2017),8.829787234
Overall loss (%) (2018),8.994708995
Overall loss (%) (2019),9.081309398
Overall loss (%) (2020),9.052631579
Overall loss (%) (2021),9.119496855
Overall loss (%) (2022),8.928571429
Overall loss (%) (2023),8.872651357
Inequality in life expectancy (2010),4.0737605
Inequality in life expectancy (2011),3.8959556
Inequality in life expectancy (2012),3.6236944
Inequality in life expectancy (2013),3.7784936
Inequality in life expectancy (2014),3.6183856
Inequality in life expectancy (2015),3.5071986
Inequality in life expectancy (2016),3.44525
Inequality in life expectancy (2017),3.6025999
Inequality in life expectancy (2018),3.4527631
Inequality in life expectancy (2019),3.5367923
Inequality in life expectancy (2020),3.422188
Inequality in life expectancy (2021),3.5638247
Inequality in life expectancy (2022),3.2091985
Inequality in life expectancy (2023),2.9591892
Inequality in eduation (2010),5.92952
Inequality in eduation (2011),5.92952
Inequality in eduation (2012),5.92952
Inequality in eduation (2013),5.92952
Inequality in eduation (2014),5.11408
Inequality in eduation (2015),5.11408
Inequality in eduation (2016),4.50189
Inequality in eduation (2017),4.50189
Inequality in eduation (2018),4.305631
Inequality in eduation (2019),4.305631
Inequality in eduation (2020),4.305631
Inequality in eduation (2021),4.305631
Inequality in eduation (2022),4.305631
Inequality in eduation (2023),4.305631
Inequality in income (2010),18.79292297
Inequality in income (2011),18.79292297
Inequality in income (2012),18.79292297
Inequality in income (2013),18.79292297
Inequality in income (2014),18.444664
Inequality in income (2015),18.444664
Inequality in income (2016),17.77821541
Inequality in income (2017),17.77821541
Inequality in income (2018),18.4899025
Inequality in income (2019),18.4899025
Inequality in income (2020),18.4899025
Inequality in income (2021),18.4899025
Inequality in income (2022),18.4899025
Inequality in income (2023),18.4899025
GII Rank (2023),20
Gender Inequality Index (value) (1990),0.188
Gender Inequality Index (value) (1991),0.187
Gender Inequality Index (value) (1992),0.187
Gender Inequality Index (value) (1993),0.183
Gender Inequality Index (value) (1994),0.181
Gender Inequality Index (value) (1995),0.178
Gender Inequality Index (value) (1996),0.177
Gender Inequality Index (value) (1997),0.174
Gender Inequality Index (value) (1998),0.171
Gender Inequality Index (value) (1999),0.158
Gender Inequality Index (value) (2000),0.153
Gender Inequality Index (value) (2001),0.152
Gender Inequality Index (value) (2002),0.146
Gender Inequality Index (value) (2003),0.141
Gender Inequality Index (value) (2004),0.137
Gender Inequality Index (value) (2005),0.137
Gender Inequality Index (value) (2006),0.135
Gender Inequality Index (value) (2007),0.136
Gender Inequality Index (value) (2008),0.14
Gender Inequality Index (value) (2009),0.137
Gender Inequality Index (value) (2010),0.137
Gender Inequality Index (value) (2011),0.132
Gender Inequality Index (value) (2012),0.131
Gender Inequality Index (value) (2013),0.122
Gender Inequality Index (value) (2014),0.116
Gender Inequality Index (value) (2015),0.109
Gender Inequality Index (value) (2016),0.101
Gender Inequality Index (value) (2017),0.094
Gender Inequality Index (value) (2018),0.091
Gender Inequality Index (value) (2019),0.079
Gender Inequality Index (value) (2020),0.072
Gender Inequality Index (value) (2021),0.065
Gender Inequality Index (value) (2022),0.056
Gender Inequality Index (value) (2023),0.056
"Maternal Mortality Ratio (deaths per 100,000 live births) (1990)",8.255919722
"Maternal Mortality Ratio (deaths per 100,000 live births) (1991)",8.785240104
"Maternal Mortality Ratio (deaths per 100,000 live births) (1992)",8.792664445
"Maternal Mortality Ratio (deaths per 100,000 live births) (1993)",8.958936077
"Maternal Mortality Ratio (deaths per 100,000 live births) (1994)",9.348917856
"Maternal Mortality Ratio (deaths per 100,000 live births) (1995)",8.086463936
"Maternal Mortality Ratio (deaths per 100,000 live births) (1996)",7.786785242
"Maternal Mortality Ratio (deaths per 100,000 live births) (1997)",7.883336798
"Maternal Mortality Ratio (deaths per 100,000 live births) (1998)",7.467750592
"Maternal Mortality Ratio (deaths per 100,000 live births) (1999)",7.176689272
"Maternal Mortality Ratio (deaths per 100,000 live births) (2000)",6.693826866
"Maternal Mortality Ratio (deaths per 100,000 live births) (2001)",5.972060301
"Maternal Mortality Ratio (deaths per 100,000 live births) (2002)",5.568369608
"Maternal Mortality Ratio (deaths per 100,000 live births) (2003)",5.514745918
"Maternal Mortality Ratio (deaths per 100,000 live births) (2004)",5.117370039
"Maternal Mortality Ratio (deaths per 100,000 live births) (2005)",4.595686978
"Maternal Mortality Ratio (deaths per 100,000 live births) (2006)",4.565958995
"Maternal Mortality Ratio (deaths per 100,000 live births) (2007)",5.106900689
"Maternal Mortality Ratio (deaths per 100,000 live births) (2008)",4.889854251
"Maternal Mortality Ratio (deaths per 100,000 live births) (2009)",5.380750415
"Maternal Mortality Ratio (deaths per 100,000 live births) (2010)",5.45191211
"Maternal Mortality Ratio (deaths per 100,000 live births) (2011)",5.937447778
"Maternal Mortality Ratio (deaths per 100,000 live births) (2012)",5.859327583
"Maternal Mortality Ratio (deaths per 100,000 live births) (2013)",5.993524848
"Maternal Mortality Ratio (deaths per 100,000 live births) (2014)",5.390198649
"Maternal Mortality Ratio (deaths per 100,000 live births) (2015)",5.244025298
"Maternal Mortality Ratio (deaths per 100,000 live births) (2016)",5.175834045
"Maternal Mortality Ratio (deaths per 100,000 live births) (2017)",4.771442981
"Maternal Mortality Ratio (deaths per 100,000 live births) (2018)",4.42425208
"Maternal Mortality Ratio (deaths per 100,000 live births) (2019)",5.085506667
"Maternal Mortality Ratio (deaths per 100,000 live births) (2020)",2.941509495
"Maternal Mortality Ratio (deaths per 100,000 live births) (2021)",2.941509495
"Maternal Mortality Ratio (deaths per 100,000 live births) (2022)",2.941509495
"Maternal Mortality Ratio (deaths per 100,000 live births) (2023)",2.941509495
"Adolescent Birth Rate (births per 1,000 women ages 15-19) (1990)",22.426
"Adolescent Birth Rate (births per 1,000 women ages 15-19) (1991)",22.274
"Adolescent Birth Rate (births per 1,000 women ages 15-19) (1992)",22.306
"Adolescent Birth Rate (births per 1,000 women ages 15-19) (1993)",21.245
"Adolescent Birth Rate (births per 1,000 women ages 15-19) (1994)",20.965
"Adolescent Birth Rate (births per 1,000 women ages 15-19) (1995)",20.453
"Adolescent Birth Rate (births per 1,000 women ages 15-19) (1996)",20.163
"Adolescent Birth Rate (births per 1,000 women ages 15-19) (1997)",19.62
"Adolescent Birth Rate (births per 1,000 women ages 15-19) (1998)",18.847
"Adolescent Birth Rate (births per 1,000 women ages 15-19) (1999)",18.393
"Adolescent Birth Rate (births per 1,000 women ages 15-19) (2000)",17.795
"Adolescent Birth Rate (births per 1,000 women ages 15-19) (2001)",17.62
"Adolescent Birth Rate (births per 1,000 women ages 15-19) (2002)",17.238
"Adolescent Birth Rate (births per 1,000 women ages 15-19) (2003)",16.34
"Adolescent Birth Rate (births per 1,000 women ages 15-19) (2004)",16.144
"Adolescent Birth Rate (births per 1,000 women ages 15-19) (2005)",16.491
"Adolescent Birth Rate (births per 1,000 women ages 15-19) (2006)",16.11
"Adolescent Birth Rate (births per 1,000 women ages 15-19) (2007)",17.127
"Adolescent Birth Rate (births per 1,000 women ages 15-19) (2008)",18.189
"Adolescent Birth Rate (births per 1,000 women ages 15-19) (2009)",17.814
"Adolescent Birth Rate (births per 1,000 women ages 15-19) (2010)",17.069
"Adolescent Birth Rate (births per 1,000 women ages 15-19) (2011)",16.307
"Adolescent Birth Rate (births per 1,000 women ages 15-19) (2012)",16.038
"Adolescent Birth Rate (births per 1,000 women ages 15-19) (2013)",14.697
"Adolescent Birth Rate (births per 1,000 women ages 15-19) (2014)",13.072
"Adolescent Birth Rate (births per 1,000 women ages 15-19) (2015)",12.038
"Adolescent Birth Rate (births per 1,000 women ages 15-19) (2016)",10.939
"Adolescent Birth Rate (births per 1,000 women ages 15-19) (2017)",10.235
"Adolescent Birth Rate (births per 1,000 women ages 15-19) (2018)",9.741
"Adolescent Birth Rate (births per 1,000 women ages 15-19) (2019)",8.763
"Adolescent Birth Rate (births per 1,000 women ages 15-19) (2020)",7.726
"Adolescent Birth Rate (births per 1,000 women ages 15-19) (2021)",7.089
"Adolescent Birth Rate (births per 1,000 women ages 15-19) (2022)",6.747
"Adolescent Birth Rate (births per 1,000 women ages 15-19) (2023)",6.715
"Share of seats in parliament, female (% held by women) (1990)",20.53571429
"Share of seats in parliament, female (% held by women) (1991)",20.53571429
"Share of seats in parliament, female (% held by women) (1992)",20.53571429
"Share of seats in parliament, female (% held by women) (1993)",20.53571429
"Share of seats in parliament, female (% held by women) (1994)",20.53571429
"Share of seats in parliament, female (% held by women) (1995)",20.53571429
"Share of seats in parliament, female (% held by women) (1996)",20.53571429
"Share of seats in parliament, female (% held by women) (1997)",20.53571429
"Share of seats in parliament, female (% held by women) (1998)",20.53571429
"Share of seats in parliament, female (% held by women) (1999)",24.66367713
"Share of seats in parliament, female (% held by women) (2000)",25
"Share of seats in parliament, female (% held by women) (2001)",25
"Share of seats in parliament, female (% held by women) (2002)",26.54867257
"Share of seats in parliament, female (% held by women) (2003)",26.54867257
"Share of seats in parliament, female (% held by women) (2004)",28.31858407
"Share of seats in parliament, female (% held by women) (2005)",28.31858407
"Share of seats in parliament, female (% held by women) (2006)",28.31858407
"Share of seats in parliament, female (% held by women) (2007)",29.6460177
"Share of seats in parliament, female (% held by women) (2008)",29.6460177
"Share of seats in parliament, female (% held by women) (2009)",30.08849558
"Share of seats in parliament, female (% held by women) (2010)",28.31858407
"Share of seats in parliament, female (% held by women) (2011)",29.20353982
"Share of seats in parliament, female (% held by women) (2012)",29.20353982
"Share of seats in parliament, female (% held by women) (2013)",31.11111111
"Share of seats in parliament, female (% held by women) (2014)",30.08849558
"Share of seats in parliament, female (% held by women) (2015)",30.53097345
"Share of seats in parliament, female (% held by women) (2016)",31.4159292
"Share of seats in parliament, female (% held by women) (2017)",32.74336283
"Share of seats in parliament, female (% held by women) (2018)",32.74336283
"Share of seats in parliament, female (% held by women) (2019)",36.56387665
"Share of seats in parliament, female (% held by women) (2020)",36.72566372
"Share of seats in parliament, female (% held by women) (2021)",37.88546256
"Share of seats in parliament, female (% held by women) (2022)",44.49339207
"Share of seats in parliament, female (% held by women) (2023)",44.49339207
"Share of seats in parliament, male (% held by men) (1990)",79.46428571
"Share of seats in parliament, male (% held by men) (1991)",79.46428571
"Share of seats in parliament, male (% held by men) (1992)",79.46428571
"Share of seats in parliament, male (% held by men) (1993)",79.46428571
"Share of seats in parliament, male (% held by men) (1994)",79.46428571
"Share of seats in parliament, male (% held by men) (1995)",79.46428571
"Share of seats in parliament, male (% held by men) (1996)",79.46428571
"Share of seats in parliament, male (% held by men) (1997)",79.46428571
"Share of seats in parliament, male (% held by men) (1998)",79.46428571
"Share of seats in parliament, male (% held by men) (1999)",75.33632287
"Share of seats in parliament, male (% held by men) (2000)",75
"Share of seats in parliament, male (% held by men) (2001)",75
"Share of seats in parliament, male (% held by men) (2002)",73.45132743
"Share of seats in parliament, male (% held by men) (2003)",73.45132743
"Share of seats in parliament, male (% held by men) (2004)",71.68141593
"Share of seats in parliament, male (% held by men) (2005)",71.68141593
"Share of seats in parliament, male (% held by men) (2006)",71.68141593
"Share of seats in parliament, male (% held by men) (2007)",70.3539823
"Share of seats in parliament, male (% held by men) (2008)",70.3539823
"Share of seats in parliament, male (% held by men) (2009)",69.91150442
"Share of seats in parliament, male (% held by men) (2010)",71.68141593
"Share of seats in parliament, male (% held by men) (2011)",70.79646018
"Share of seats in parliament, male (% held by men) (2012)",70.79646018
"Share of seats in parliament, male (% held by men) (2013)",68.88888889
"Share of seats in parliament, male (% held by men) (2014)",69.91150442
"Share of seats in parliament, male (% held by men) (2015)",69.46902655
"Share of seats in parliament, male (% held by men) (2016)",68.5840708
"Share of seats in parliament, male (% held by men) (2017)",67.25663717
"Share of seats in parliament, male (% held by men) (2018)",67.25663717
"Share of seats in parliament, male (% held by men) (2019)",63.43612335
"Share of seats in parliament, male (% held by men) (2020)",63.27433628
"Share of seats in parliament, male (% held by men) (2021)",62.11453744
"Share of seats in parliament, male (% held by men) (2022)",55.50660793
"Share of seats in parliament, male (% held by men) (2023)",55.50660793
"Labour force participation rate, female (% ages 15 and older) (1990)",52.25
"Labour force participation rate, female (% ages 15 and older) (1991)",51.99
"Labour force participation rate, female (% ages 15 and older) (1992)",51.96
"Labour force participation rate, female (% ages 15 and older) (1993)",51.72
"Labour force participation rate, female (% ages 15 and older) (1994)",52.61
"Labour force participation rate, female (% ages 15 and older) (1995)",53.61
"Labour force participation rate, female (% ages 15 and older) (1996)",53.8
"Labour force participation rate, female (% ages 15 and older) (1997)",53.6
"Labour force participation rate, female (% ages 15 and older) (1998)",53.65
"Labour force participation rate, female (% ages 15 and older) (1999)",53.64
"Labour force participation rate, female (% ages 15 and older) (2000)",54.52
"Labour force participation rate, female (% ages 15 and older) (2001)",55.07
"Labour force participation rate, female (% ages 15 and older) (2002)",55.27
"Labour force participation rate, female (% ages 15 and older) (2003)",55.94
"Labour force participation rate, female (% ages 15 and older) (2004)",55.71
"Labour force participation rate, female (% ages 15 and older) (2005)",56.99
"Labour force participation rate, female (% ages 15 and older) (2006)",57.55
"Labour force participation rate, female (% ages 15 and older) (2007)",58.1
"Labour force participation rate, female (% ages 15 and older) (2008)",58.56
"Labour force participation rate, female (% ages 15 and older) (2009)",58.77
"Labour force participation rate, female (% ages 15 and older) (2010)",58.64
"Labour force participation rate, female (% ages 15 and older) (2011)",58.89
"Labour force participation rate, female (% ages 15 and older) (2012)",58.79
"Labour force participation rate, female (% ages 15 and older) (2013)",58.71
"Labour force participation rate, female (% ages 15 and older) (2014)",58.67
"Labour force participation rate, female (% ages 15 and older) (2015)",59.12
"Labour force participation rate, female (% ages 15 and older) (2016)",59.35
"Labour force participation rate, female (% ages 15 and older) (2017)",59.86
"Labour force participation rate, female (% ages 15 and older) (2018)",60.52
"Labour force participation rate, female (% ages 15 and older) (2019)",60.97
"Labour force participation rate, female (% ages 15 and older) (2020)",60.21
"Labour force participation rate, female (% ages 15 and older) (2021)",61.23
"Labour force participation rate, female (% ages 15 and older) (2022)",62.54
"Labour force participation rate, female (% ages 15 and older) (2023)",62.81
"Labour force participation rate, male (% ages 15 and older) (1990)",75.59
"Labour force participation rate, male (% ages 15 and older) (1991)",74.65
"Labour force participation rate, male (% ages 15 and older) (1992)",74.14
"Labour force participation rate, male (% ages 15 and older) (1993)",73.55
"Labour force participation rate, male (% ages 15 and older) (1994)",73.61
"Labour force participation rate, male (% ages 15 and older) (1995)",73.81
"Labour force participation rate, male (% ages 15 and older) (1996)",73.58
"Labour force participation rate, male (% ages 15 and older) (1997)",73.01
"Labour force participation rate, male (% ages 15 and older) (1998)",72.71
"Labour force participation rate, male (% ages 15 and older) (1999)",72.24
"Labour force participation rate, male (% ages 15 and older) (2000)",72.1
"Labour force participation rate, male (% ages 15 and older) (2001)",71.87
"Labour force participation rate, male (% ages 15 and older) (2002)",71.79
"Labour force participation rate, male (% ages 15 and older) (2003)",71.54
"Labour force participation rate, male (% ages 15 and older) (2004)",71.52
"Labour force participation rate, male (% ages 15 and older) (2005)",72.09
"Labour force participation rate, male (% ages 15 and older) (2006)",72.25
"Labour force participation rate, male (% ages 15 and older) (2007)",72.52
"Labour force participation rate, male (% ages 15 and older) (2008)",72.63
"Labour force participation rate, male (% ages 15 and older) (2009)",72.31
"Labour force participation rate, male (% ages 15 and older) (2010)",72.37
"Labour force participation rate, male (% ages 15 and older) (2011)",72.18
"Labour force participation rate, male (% ages 15 and older) (2012)",71.73
"Labour force participation rate, male (% ages 15 and older) (2013)",71.4
"Labour force participation rate, male (% ages 15 and older) (2014)",70.95
"Labour force participation rate, male (% ages 15 and older) (2015)",71.1
"Labour force participation rate, male (% ages 15 and older) (2016)",70.6
"Labour force participation rate, male (% ages 15 and older) (2017)",70.7
"Labour force participation rate, male (% ages 15 and older) (2018)",70.96
"Labour force participation rate, male (% ages 15 and older) (2019)",71.12
"Labour force participation rate, male (% ages 15 and older) (2020)",70.04
"Labour force participation rate, male (% ages 15 and older) (2021)",70.64
"Labour force participation rate, male (% ages 15 and older) (2022)",71.3
"Labour force participation rate, male (% ages 15 and older) (2023)",71.68
Difference from HDI rank (2023),-59
Planetary pressures-adjusted Human Development Index (value) (1990),0.619
Planetary pressures-adjusted Human Development Index (value) (1991),0.629
Planetary pressures-adjusted Human Development Index (value) (1992),0.628
Planetary pressures-adjusted Human Development Index (value) (1993),0.63
Planetary pressures-adjusted Human Development Index (value) (1994),0.626
Planetary pressures-adjusted Human Development Index (value) (1995),0.615
Planetary pressures-adjusted Human Development Index (value) (1996),0.626
Planetary pressures-adjusted Human Development Index (value) (1997),0.618
Planetary pressures-adjusted Human Development Index (value) (1998),0.614
Planetary pressures-adjusted Human Development Index (value) (1999),0.622
Planetary pressures-adjusted Human Development Index (value) (2000),0.624
Planetary pressures-adjusted Human Development Index (value) (2001),0.618
Planetary pressures-adjusted Human Development Index (value) (2002),0.618
Planetary pressures-adjusted Human Development Index (value) (2003),0.603
Planetary pressures-adjusted Human Development Index (value) (2004),0.591
Planetary pressures-adjusted Human Development Index (value) (2005),0.589
Planetary pressures-adjusted Human Development Index (value) (2006),0.591
Planetary pressures-adjusted Human Development Index (value) (2007),0.589
Planetary pressures-adjusted Human Development Index (value) (2008),0.627
Planetary pressures-adjusted Human Development Index (value) (2009),0.626
Planetary pressures-adjusted Human Development Index (value) (2010),0.624
Planetary pressures-adjusted Human Development Index (value) (2011),0.632
Planetary pressures-adjusted Human Development Index (value) (2012),0.641
Planetary pressures-adjusted Human Development Index (value) (2013),0.653
Planetary pressures-adjusted Human Development Index (value) (2014),0.657
Planetary pressures-adjusted Human Development Index (value) (2015),0.667
Planetary pressures-adjusted Human Development Index (value) (2016),0.669
Planetary pressures-adjusted Human Development Index (value) (2017),0.659
Planetary pressures-adjusted Human Development Index (value) (2018),0.668
Planetary pressures-adjusted Human Development Index (value) (2019),0.671
Planetary pressures-adjusted Human Development Index (value) (2020),0.689
Planetary pressures-adjusted Human Development Index (value) (2021),0.692
Planetary pressures-adjusted Human Development Index (value) (2022),0.694
Planetary pressures-adjusted Human Development Index (value) (2023),0.7
Difference from HDI value (%) (1990),28.60438293
Difference from HDI value (%) (1991),27.53456221
Difference from HDI value (%) (1992),27.64976959
Difference from HDI value (%) (1993),27.75229358
Difference from HDI value (%) (1994),28.2932417
Difference from HDI value (%) (1995),30.27210884
Difference from HDI value (%) (1996),29.18552036
Difference from HDI value (%) (1997),30.32694476
Difference from HDI value (%) (1998),31.08866442
Difference from HDI value (%) (1999),30.34714446
Difference from HDI value (%) (2000),30.43478261
Difference from HDI value (%) (2001),31.33333333
Difference from HDI value (%) (2002),31.48558758
Difference from HDI value (%) (2003),33.44370861
Difference from HDI value (%) (2004),35.05494505
Difference from HDI value (%) (2005),35.55798687
Difference from HDI value (%) (2006),35.55070883
Difference from HDI value (%) (2007),35.9085963
Difference from HDI value (%) (2008),32.14285714
Difference from HDI value (%) (2009),32.47033441
Difference from HDI value (%) (2010),32.83100108
Difference from HDI value (%) (2011),32.26152197
Difference from HDI value (%) (2012),31.66311301
Difference from HDI value (%) (2013),30.16042781
Difference from HDI value (%) (2014),29.88260406
Difference from HDI value (%) (2015),28.891258
Difference from HDI value (%) (2016),28.75399361
Difference from HDI value (%) (2017),29.89361702
Difference from HDI value (%) (2018),29.31216931
Difference from HDI value (%) (2019),29.14466737
Difference from HDI value (%) (2020),27.47368421
Difference from HDI value (%) (2021),27.46331237
Difference from HDI value (%) (2022),27.10084034
Difference from HDI value (%) (2023),26.93110647
Carbon dioxide emissions per capita (production) (tonnes) (1990),16.31630989
Carbon dioxide emissions per capita (production) (tonnes) (1991),16.18510266
Carbon dioxide emissions per capita (production) (tonnes) (1992),16.29371137
Carbon dioxide emissions per capita (production) (tonnes) (1993),16.38394463
Carbon dioxide emissions per capita (production) (tonnes) (1994),16.49496695
Carbon dioxide emissions per capita (production) (tonnes) (1995),16.94472127
Carbon dioxide emissions per capita (production) (tonnes) (1996),17.12845678
Carbon dioxide emissions per capita (production) (tonnes) (1997),17.3997094
Carbon dioxide emissions per capita (production) (tonnes) (1998),17.96268044
Carbon dioxide emissions per capita (production) (tonnes) (1999),18.29485005
Carbon dioxide emissions per capita (production) (tonnes) (2000),18.40407409
Carbon dioxide emissions per capita (production) (tonnes) (2001),18.58795937
Carbon dioxide emissions per capita (production) (tonnes) (2002),18.61467467
Carbon dioxide emissions per capita (production) (tonnes) (2003),18.76388237
Carbon dioxide emissions per capita (production) (tonnes) (2004),19.23000869
Carbon dioxide emissions per capita (production) (tonnes) (2005),19.14441552
Carbon dioxide emissions per capita (production) (tonnes) (2006),19.17034372
Carbon dioxide emissions per capita (production) (tonnes) (2007),19.17710616
Carbon dioxide emissions per capita (production) (tonnes) (2008),19.05322476
Carbon dioxide emissions per capita (production) (tonnes) (2009),18.79396287
Carbon dioxide emissions per capita (production) (tonnes) (2010),18.39901489
Carbon dioxide emissions per capita (production) (tonnes) (2011),18.06402853
Carbon dioxide emissions per capita (production) (tonnes) (2012),17.87108508
Carbon dioxide emissions per capita (production) (tonnes) (2013),17.26684251
Carbon dioxide emissions per capita (production) (tonnes) (2014),16.73352982
Carbon dioxide emissions per capita (production) (tonnes) (2015),16.85527381
Carbon dioxide emissions per capita (production) (tonnes) (2016),16.96119902
Carbon dioxide emissions per capita (production) (tonnes) (2017),16.82847008
Carbon dioxide emissions per capita (production) (tonnes) (2018),16.63747041
Carbon dioxide emissions per capita (production) (tonnes) (2019),16.39653794
Carbon dioxide emissions per capita (production) (tonnes) (2020),15.55056903
Carbon dioxide emissions per capita (production) (tonnes) (2021),15.00783783
Carbon dioxide emissions per capita (production) (tonnes) (2022),14.68296734
Carbon dioxide emissions per capita (production) (tonnes) (2023),14.48505587
Material footprint per capita (tonnes) (1990),32.4742
Material footprint per capita (tonnes) (1991),30.539
Material footprint per capita (tonnes) (1992),30.656
Material footprint per capita (tonnes) (1993),30.8499
Material footprint per capita (tonnes) (1994),31.6997
Material footprint per capita (tonnes) (1995),34.6384
Material footprint per capita (tonnes) (1996),32.4479
Material footprint per capita (tonnes) (1997),34.2904
Material footprint per capita (tonnes) (1998),34.9845
Material footprint per capita (tonnes) (1999),33.1352
Material footprint per capita (tonnes) (2000),33.2517
Material footprint per capita (tonnes) (2001),34.5897
Material footprint per capita (tonnes) (2002),34.9966
Material footprint per capita (tonnes) (2003),38.2272
Material footprint per capita (tonnes) (2004),40.5506
Material footprint per capita (tonnes) (2005),41.7304
Material footprint per capita (tonnes) (2006),41.6703
Material footprint per capita (tonnes) (2007),42.2755
Material footprint per capita (tonnes) (2008),35.6241
Material footprint per capita (tonnes) (2009),36.4525
Material footprint per capita (tonnes) (2010),37.6499
Material footprint per capita (tonnes) (2011),36.9646
Material footprint per capita (tonnes) (2012),36.1518
Material footprint per capita (tonnes) (2013),34.0362
Material footprint per capita (tonnes) (2014),34.1449
Material footprint per capita (tonnes) (2015),32.2598
Material footprint per capita (tonnes) (2016),31.9522
Material footprint per capita (tonnes) (2017),34.0499
Material footprint per capita (tonnes) (2018),33.3585
Material footprint per capita (tonnes) (2019),33.2981
Material footprint per capita (tonnes) (2020),31.2669
Material footprint per capita (tonnes) (2021),31.9297
Material footprint per capita (tonnes) (2022),31.6493
Material footprint per capita (tonnes) (2023),31.4649
Period,2017-2022
Total,34.83
Women,29.05
Men,43.26
Share of people with no bias,65.17
Political,23.27
Educational,2.62
Economic,13.32
Physical integrity,17.17