STRUCTURE,STRUCTURE_ID,STRUCTURE_NAME,ACTION,REF_AREA,Reference area,MEASURE,Measure,UNIT_MEASURE,Unit of measure,AGE,Age,SEX,Sex,EDUCATION_LEV,Education level,DOMAIN,Domain,TIME_PERIOD,Time period,OBS_VALUE,Observation value,OBS_STATUS,Observation status,UNIT_MULT,Unit multiplier,DECIMALS,Decimals,BASE_PER,Base period
DATAFLOW,OECD.WISE.WDP:DSD_HSL@DF_HSL_CWB(1.1),Current well-being,I,AUS,Australia,7_1_DEP,Lack of social support,PT_POP_Y_GE15,Percentage of population aged 15 years or over,_T,Total,_T,Total,_T,Total,HSL_7,Social connections,2023,,10.0431932573,,A,Normal value,0,Units,2,Two,_Z,
DATAFLOW,OECD.WISE.WDP:DSD_HSL@DF_HSL_CWB(1.1),Current well-being,I,AUS,Australia,7_1_DEP,Lack of social support,PT_POP_Y_GE15,Percentage of population aged 15 years or over,_T,Total,_T,Total,_T,Total,HSL_7,Social connections,2010,,4.9265433236,,A,Normal value,0,Units,2,Two,_Z,
DATAFLOW,OECD.WISE.WDP:DSD_HSL@DF_HSL_CWB(1.1),Current well-being,I,AUS,Australia,7_1_DEP,Lack of social support,PT_POP_Y_GE15,Percentage of population aged 15 years or over,_T,Total,_T,Total,_T,Total,HSL_7,Social connections,2024,,10.0431932573,,A,Normal value,0,Units,2,Two,_Z,
DATAFLOW,OECD.WISE.WDP:DSD_HSL@DF_HSL_CWB(1.1),Current well-being,I,AUS,Australia,7_1_DEP,Lack of social support,PT_POP_Y_GE15,Percentage of population aged 15 years or over,_T,Total,_T,Total,_T,Total,HSL_7,Social connections,2025,,10.0431932573,,A,Normal value,0,Units,2,Two,_Z,
DATAFLOW,OECD.WISE.WDP:DSD_HSL@DF_HSL_CWB(1.1),Current well-being,I,AUS,Australia,7_1_DEP,Lack of social support,PT_POP_Y_GE15,Percentage of population aged 15 years or over,_T,Total,_T,Total,_T,Total,HSL_7,Social connections,2006,,3.3247326209,,A,Normal value,0,Units,2,Two,_Z,
DATAFLOW,OECD.WISE.WDP:DSD_HSL@DF_HSL_CWB(1.1),Current well-being,I,AUS,Australia,7_1_DEP,Lack of social support,PT_POP_Y_GE15,Percentage of population aged 15 years or over,_T,Total,_T,Total,_T,Total,HSL_7,Social connections,2007,,3.3247326209,,A,Normal value,0,Units,2,Two,_Z,
DATAFLOW,OECD.WISE.WDP:DSD_HSL@DF_HSL_CWB(1.1),Current well-being,I,AUS,Australia,7_1_DEP,Lack of social support,PT_POP_Y_GE15,Percentage of population aged 15 years or over,_T,Total,_T,Total,_T,Total,HSL_7,Social connections,2008,,4.9265433236,,A,Normal value,0,Units,2,Two,_Z,
DATAFLOW,OECD.WISE.WDP:DSD_HSL@DF_HSL_CWB(1.1),Current well-being,I,AUS,Australia,7_1_DEP,Lack of social support,PT_POP_Y_GE15,Percentage of population aged 15 years or over,_T,Total,_T,Total,_T,Total,HSL_7,Social connections,2009,,4.9265433236,,A,Normal value,0,Units,2,Two,_Z,
DATAFLOW,OECD.WISE.WDP:DSD_HSL@DF_HSL_CWB(1.1),Current well-being,I,AUS,Australia,7_1_DEP,Lack of social support,PT_POP_Y_GE15,Percentage of population aged 15 years or over,_T,Total,_T,Total,_T,Total,HSL_7,Social connections,2011,,5.3241850172,,A,Normal value,0,Units,2,Two,_Z,
DATAFLOW,OECD.WISE.WDP:DSD_HSL@DF_HSL_CWB(1.1),Current well-being,I,AUS,Australia,7_1_DEP,Lack of social support,PT_POP_Y_GE15,Percentage of population aged 15 years or over,_T,Total,_T,Total,_T,Total,HSL_7,Social connections,2012,,5.3241850172,,A,Normal value,0,Units,2,Two,_Z,
DATAFLOW,OECD.WISE.WDP:DSD_HSL@DF_HSL_CWB(1.1),Current well-being,I,AUS,Australia,7_1_DEP,Lack of social support,PT_POP_Y_GE15,Percentage of population aged 15 years or over,_T,Total,_T,Total,_T,Total,HSL_7,Social connections,2013,,5.3241850172,,A,Normal value,0,Units,2,Two,_Z,
DATAFLOW,OECD.WISE.WDP:DSD_HSL@DF_HSL_CWB(1.1),Current well-being,I,AUS,Australia,7_1_DEP,Lack of social support,PT_POP_Y_GE15,Percentage of population aged 15 years or over,_T,Total,_T,Total,_T,Total,HSL_7,Social connections,2014,,6.0415962411,,A,Normal value,0,Units,2,Two,_Z,
DATAFLOW,OECD.WISE.WDP:DSD_HSL@DF_HSL_CWB(1.1),Current well-being,I,AUS,Australia,7_1_DEP,Lack of social support,PT_POP_Y_GE15,Percentage of population aged 15 years or over,_T,Total,_T,Total,_T,Total,HSL_7,Social connections,2015,,6.0415962411,,A,Normal value,0,Units,2,Two,_Z,
DATAFLOW,OECD.WISE.WDP:DSD_HSL@DF_HSL_CWB(1.1),Current well-being,I,AUS,Australia,7_1_DEP,Lack of social support,PT_POP_Y_GE15,Percentage of population aged 15 years or over,_T,Total,_T,Total,_T,Total,HSL_7,Social connections,2016,,6.0415962411,,A,Normal value,0,Units,2,Two,_Z,
DATAFLOW,OECD.WISE.WDP:DSD_HSL@DF_HSL_CWB(1.1),Current well-being,I,AUS,Australia,7_1_DEP,Lack of social support,PT_POP_Y_GE15,Percentage of population aged 15 years or over,_T,Total,_T,Total,_T,Total,HSL_7,Social connections,2017,,5.550077771,,A,Normal value,0,Units,2,Two,_Z,
DATAFLOW,OECD.WISE.WDP:DSD_HSL@DF_HSL_CWB(1.1),Current well-being,I,AUS,Australia,7_1_DEP,Lack of social support,PT_POP_Y_GE15,Percentage of population aged 15 years or over,_T,Total,_T,Total,_T,Total,HSL_7,Social connections,2018,,5.550077771,,A,Normal value,0,Units,2,Two,_Z,
DATAFLOW,OECD.WISE.WDP:DSD_HSL@DF_HSL_CWB(1.1),Current well-being,I,AUS,Australia,7_1_DEP,Lack of social support,PT_POP_Y_GE15,Percentage of population aged 15 years or over,_T,Total,_T,Total,_T,Total,HSL_7,Social connections,2019,,5.550077771,,A,Normal value,0,Units,2,Two,_Z,
DATAFLOW,OECD.WISE.WDP:DSD_HSL@DF_HSL_CWB(1.1),Current well-being,I,AUS,Australia,7_1_DEP,Lack of social support,PT_POP_Y_GE15,Percentage of population aged 15 years or over,_T,Total,_T,Total,_T,Total,HSL_7,Social connections,2020,,6.7136780167,,A,Normal value,0,Units,2,Two,_Z,
DATAFLOW,OECD.WISE.WDP:DSD_HSL@DF_HSL_CWB(1.1),Current well-being,I,AUS,Australia,7_1_DEP,Lack of social support,PT_POP_Y_GE15,Percentage of population aged 15 years or over,_T,Total,_T,Total,_T,Total,HSL_7,Social connections,2021,,6.7136780167,,A,Normal value,0,Units,2,Two,_Z,
DATAFLOW,OECD.WISE.WDP:DSD_HSL@DF_HSL_CWB(1.1),Current well-being,I,AUS,Australia,7_1_DEP,Lack of social support,PT_POP_Y_GE15,Percentage of population aged 15 years or over,_T,Total,_T,Total,_T,Total,HSL_7,Social connections,2022,,6.7136780167,,A,Normal value,0,Units,2,Two,_Z,
